nM,nV,capacity_leased_mbps,valid,revenue_mno_total,revenue_mvno_gross,pM,pV,rM_mbps,rV_mbps
1355.3757603613549,644.6242396386451,100.0,False,-inf,,,0.8618285217865553,,
1356.707059384427,643.2929406155729,100.0,False,-inf,,,0.8687197490468617,,
1358.0383584074991,641.9616415925009,100.0,False,-inf,,,0.8756252525304182,,
1359.3696574305714,640.6303425694286,100.0,False,-inf,,,0.8825450915107684,,
1360.7009564536434,639.2990435463566,100.0,False,-inf,,,0.8894793256313682,,
1362.0322554767156,637.9677445232844,100.0,False,-inf,,,0.8964280149086774,,
1363.3635544997876,636.6364455002124,100.0,False,-inf,,,0.9033912197352663,,
1364.6948535228598,635.3051464771402,100.0,False,-inf,,,0.9103690008829788,,
1366.0261525459318,633.9738474540682,100.0,False,-inf,,,0.9173614195061002,,
1367.357451569004,632.6425484309959,100.0,False,-inf,,,0.9243685371445849,,
1368.6887505920763,631.3112494079237,100.0,False,-inf,,,0.9313904157272983,,
1370.0200496151483,629.9799503848517,100.0,False,-inf,,,0.9384271175753038,,
1371.3513486382205,628.6486513617795,100.0,False,-inf,,,0.9454787054051847,,
1372.6826476612925,627.3173523387075,100.0,False,-inf,,,0.9525452423323892,,
1374.0139466843648,625.9860533156352,100.0,False,-inf,,,0.9596267918746326,,
1375.3452457074368,624.6547542925632,100.0,False,-inf,,,0.9667234179553095,,
1376.676544730509,623.323455269491,100.0,False,-inf,,,0.9738351849069666,,
1378.0078437535813,621.9921562464187,100.0,False,-inf,,,0.9809621574747962,,
1379.3391427766533,620.6608572233467,100.0,False,-inf,,,0.9881044008201734,,
1380.6704417997255,619.3295582002745,100.0,False,-inf,,,0.9952619805242351,,
1382.0017408227975,617.9982591772025,100.0,False,-inf,,,1.0024349625914846,,
1383.3330398458697,616.6669601541303,100.0,False,-inf,,,1.0096234134534547,,
1384.6643388689417,615.3356611310583,100.0,False,-inf,,,1.0168273999723882,,
1385.995637892014,614.004362107986,100.0,False,-inf,,,1.024046989444979,,
1387.326936915086,612.673063084914,100.0,False,-inf,,,1.0312822496061351,,
1388.6582359381582,611.3417640618418,100.0,False,-inf,,,1.038533248632801,,
1389.9895349612304,610.0104650387696,100.0,False,-inf,,,1.0458000551478042,,
1391.3208339843025,608.6791660156975,100.0,False,-inf,,,1.0530827382237542,,
1392.6521330073747,607.3478669926253,100.0,False,-inf,,,1.0603813673869882,,
1393.9834320304467,606.0165679695533,100.0,False,-inf,,,1.0676960126215422,,
1395.314731053519,604.6852689464811,100.0,False,-inf,,,1.0750267443731891,,
1396.646030076591,603.3539699234091,100.0,False,-inf,,,1.0823736335534972,,
1397.9773290996632,602.0226709003368,100.0,False,-inf,,,1.089736751543961,,
1399.3086281227352,600.6913718772648,100.0,False,-inf,,,1.097116170200146,,
1400.6399271458074,599.3600728541926,100.0,False,-inf,,,1.10451196185591,,
1401.9712261688796,598.0287738311204,100.0,False,-inf,,,1.1119241993276496,,
1403.3025251919516,596.6974748080484,100.0,False,-inf,,,1.1193529559186017,,
1404.6338242150239,595.3661757849761,100.0,False,-inf,,,1.1267983054231996,,
1405.9651232380959,594.0348767619041,100.0,False,-inf,,,1.134260322131461,,
1407.2964222611681,592.7035777388319,100.0,False,-inf,,,1.1417390808334489,,
1408.6277212842401,591.3722787157599,100.0,False,-inf,,,1.149234656823755,,
1409.9590203073124,590.0409796926876,100.0,False,-inf,,,1.1567471259060613,,
1411.2903193303846,588.7096806696154,100.0,False,-inf,,,1.1642765643977293,,
1412.6216183534566,587.3783816465434,100.0,False,-inf,,,1.1718230491344566,,
1413.9529173765288,586.0470826234712,100.0,False,-inf,,,1.1793866574749845,,
1415.2842163996008,584.7157836003992,100.0,False,-inf,,,1.1869674673058472,,
1416.615515422673,583.3844845773269,100.0,False,-inf,,,1.1945655570461966,,
1417.946814445745,582.0531855542549,100.0,False,-inf,,,1.2021810056526554,,
1419.2781134688173,580.7218865311827,100.0,False,-inf,,,1.2098138926242523,,
1420.6094124918893,579.3905875081107,100.0,False,-inf,,,1.2174642980073942,,
1421.9407115149615,578.0592884850385,100.0,False,-inf,,,1.2251323024009075,,
1423.2720105380338,576.7279894619662,100.0,False,-inf,,,1.2328179869611278,,
1424.6033095611058,575.3966904388942,100.0,False,-inf,,,1.2405214334070562,,
1425.934608584178,574.065391415822,100.0,False,-inf,,,1.2482427240255793,,
1427.26590760725,572.73409239275,100.0,False,-inf,,,1.2559819416767286,,
1428.5972066303223,571.4027933696777,100.0,False,-inf,,,1.2637391697990308,,
1429.9285056533943,570.0714943466057,100.0,False,-inf,,,1.2715144924148936,,
1431.2598046764665,568.7401953235335,100.0,False,-inf,,,1.279307994136077,,
1432.5911036995385,567.4088963004615,100.0,False,-inf,,,1.2871197601692057,,
1433.9224027226107,566.0775972773893,100.0,False,-inf,,,1.2949498763213723,,
1435.253701745683,564.746298254317,100.0,False,-inf,,,1.3027984290057792,,
1436.585000768755,563.414999231245,100.0,False,-inf,,,1.3106655052474703,,
1437.9162997918272,562.0837002081728,100.0,False,-inf,,,1.3185511926891176,,
1439.2475988148992,560.7524011851008,100.0,False,-inf,,,1.3264555795968784,,
1440.5788978379715,559.4211021620285,100.0,False,-inf,,,1.334378754866325,,
1441.9101968610435,558.0898031389565,100.0,False,-inf,,,1.3423208080284406,,
1443.2414958841157,556.7585041158843,100.0,False,-inf,,,1.3502818292556955,,
1444.572794907188,555.4272050928121,100.0,False,-inf,,,1.3582619093681831,,
1445.90409393026,554.0959060697401,100.0,False,-inf,,,1.3662611398398383,,
1447.2353929533322,552.7646070466678,100.0,False,-inf,,,1.374279612804734,,
1448.5666919764042,551.4333080235958,100.0,False,-inf,,,1.382317421063442,,
1449.8979909994764,550.1020090005236,100.0,False,-inf,,,1.3903746580894798,,
1451.2292900225484,548.7707099774516,100.0,False,-inf,,,1.3984514180358323,,
1452.5605890456206,547.4394109543794,100.0,False,-inf,,,1.4065477957415573,,
1453.8918880686927,546.1081119313073,100.0,False,-inf,,,1.4146638867384578,,
1455.2231870917649,544.7768129082351,100.0,False,-inf,,,1.422799787257857,,
1456.554486114837,543.4455138851631,100.0,False,-inf,,,1.4309555942374335,,
1457.8857851379091,542.1142148620909,100.0,False,-inf,,,1.4391314053281636,,
1459.2170841609814,540.7829158390186,100.0,False,-inf,,,1.4473273189013227,,
1460.5483831840534,539.4516168159466,100.0,False,-inf,,,1.4555434340555964,,
1461.8796822071256,538.1203177928744,100.0,False,-inf,,,1.4637798506242716,,
1463.2109812301976,536.7890187698024,100.0,False,-inf,,,1.4720366691825046,,
1464.5422802532698,535.4577197467302,100.0,False,-inf,,,1.4803139910547034,,
1465.8735792763418,534.1264207236582,100.0,False,-inf,,,1.4886119183219728,,
1467.204878299414,532.7951217005859,100.0,False,-inf,,,1.4969305538296873,,
1468.5361773224863,531.4638226775137,100.0,False,-inf,,,1.5052700011951203,,
1469.8674763455583,530.1325236544417,100.0,False,-inf,,,1.513630364815199,,
1471.1987753686305,528.8012246313695,100.0,False,-inf,,,1.522011749874347,,
1472.5300743917026,527.4699256082974,100.0,False,-inf,,,1.5304142623524157,,
1473.8613734147748,526.1386265852252,100.0,False,-inf,,,1.538838009032736,,
1475.1926724378468,524.8073275621532,100.0,True,236.90216248231832,812.0255073864445,0.00412095717942519,1.5472830975102494,6.100897983127142,1.9054611997229962
1476.523971460919,523.476028539081,100.0,True,245.18504546843133,814.3976409589742,0.00828104984523658,1.5557496361997671,6.095397144886932,1.9103071496717892
1477.8552704839913,522.1447295160087,100.0,True,253.4968224726406,816.7584886979428,0.012460071708145984,1.5642377343443075,6.089906217306745,1.9151778108091397
1479.1865695070633,520.8134304929367,100.0,True,261.8375662125784,819.1080218280869,0.016658038326775437,1.5727475020235593,6.084425173627176,1.9200733726346595
1480.5178685301355,519.4821314698645,100.0,True,270.20735184286343,821.4462114270351,0.02087496693924755,1.5812790501624554,6.078953987185064,1.9249940265905192
1481.8491675532075,518.1508324467925,100.0,True,278.60625677828887,823.7730284241708,0.02511087633701358,1.589832490539831,6.073492631413071,1.929939966086395
1483.1804665762797,516.8195334237203,100.0,True,287.03436073894375,826.0884435994957,0.029365786888993963,1.598407935797229,6.068041079839243,1.9349113865248178
1484.5117655993517,515.4882344006483,100.0,True,295.4917457098164,828.3924275824708,0.03363972050799525,1.6070054994477854,6.062599306086583,1.9399084853269006
1485.843064622424,514.156935377576,100.0,True,303.97849592265266,830.6849508508543,0.03793270063228794,1.615625295885259,6.0571672838726345,1.9449314619584785
1487.174363645496,512.825636354504,100.0,True,312.49469774588886,832.9659837295181,0.04224475214548447,1.6242674403931492,6.051744987009047,1.9499805179566414
1488.5056626685682,511.4943373314318,100.0,True,321.0404398681535,835.2354963892626,0.046575901494070385,1.6329320491539616,6.04633238940116,1.9550558569566963
1489.8369616916402,510.1630383083598,100.0,True,329.61581304876927,837.4934588456088,0.05092617651368551,1.6416192392585671,6.040929465047585,1.960157684719539
1491.1682607147125,508.83173928528754,100.0,True,338.22091021682513,839.739840957586,0.05529560649009344,1.6503291287157063,6.03553618803979,1.965286209159465
1492.4995597377847,507.5004402622153,100.0,True,346.8558264263279,841.9746124265018,0.059684222123406405,1.6590618364616008,6.030152532561684,1.9704416403724103
1493.8308587608567,506.1691412391433,100.0,True,355.5206588374102,844.1977427947011,0.0640920555099514,1.6678174823697,6.024778472889202,1.975624190664643
1495.162157783929,504.83784221607107,100.0,True,364.21550669861017,846.4092014443136,0.06851914012495555,1.6765961872605613,6.019413983389901,1.980834074581911
1496.493456807001,503.50654319299906,100.0,True,372.9404713301644,848.6089575959825,0.0729655108060138,1.6853980729118394,6.01405903852255,1.9860715089390408
1497.8247558300732,502.1752441699268,100.0,True,381.6956561082927,850.7969803075872,0.07743120373730943,1.6942232620684368,6.008713612836722,1.9913367128500232
1499.1560548531452,500.8439451468548,100.0,True,390.48116645040614,852.9732384729471,0.08191625643454681,1.7030718784527639,6.003377680972395,1.9966299077585639
1500.4873538762174,499.5126461237826,100.0,True,399.29710980115783,855.1377008205139,0.08642070773053154,1.7119440467751543,5.998051217659548,2.001951317469134
1501.8186528992896,498.18134710071035,100.0,True,408.1435956192922,857.2903359120486,0.09094459776136997,1.720839892744403,5.992734197717765,2.0073011681785107
1503.1499519223617,496.85004807763835,100.0,True,417.02073536524574,859.4311121412856,0.095487967953248,1.7297595430784578,5.987426596055836,2.0126796885078266
1504.4812509454339,495.5187490545661,100.0,True,425.92864248954504,861.559997732583,0.10005086100981903,1.7387031255152543,5.98212838767136,2.0180871095351445
1505.812549968506,494.1874500314941,100.0,True,434.86743250528764,863.6769607395553,0.10463332095550879,1.74767076882368,5.97683954765036,2.02352366482854
1507.1438489915781,492.8561510084219,100.0,True,443.8372226592585,865.7819690436953,0.1092353929122877,1.7566626028147123,5.9715600511668825,2.028989590479742
1508.4751480146501,491.52485198534987,100.0,True,452.83813244092653,867.8749903529787,0.11385712343308534,1.7656787583526827,5.9662898734826175,2.034485125138302
1509.8064470377224,490.19355296227764,100.0,True,461.8702831436392,869.9559922004544,0.11849856020568454,1.7747193673667123,5.961028989946508,2.040010510046333
1511.1377460607946,488.8622539392054,100.0,True,470.9337980381839,872.0249419428181,0.12315975216342731,1.7837845628622877,5.955777375994366,2.0455659890738045
1512.4690450838666,487.5309549161334,100.0,True,480.02880233722203,874.0818067589729,0.12784074945707388,1.7928744789330047,5.950535007148492,2.051151808754427
1513.8003441069388,486.19965589306116,100.0,True,489.15542317202153,876.1265536485729,0.13254160343494542,1.801989250772476,5.945301859017292,2.0567682183221216
1515.1316431300108,484.86835686998916,100.0,True,498.3137896681867,878.159149430549,0.13726236668852076,1.811129014686383,5.940077907294901,2.062415469748083
1516.462942153083,483.5370578469169,100.0,True,507.5040327800866,880.179560741623,0.14200309293867833,1.8202939081047211,5.9348631277608055,2.0680938177784713
1517.794241176155,482.2057588238449,100.0,True,516.7262854503053,882.1877540347995,0.14676383713669175,1.829484069594184,5.929657496279471,2.0738035199727074
1519.1255401992273,480.8744598007727,100.0,True,525.980682527812,884.183695577847,0.15154465540587111,1.8386996388707484,5.924460988799968,2.079544836742426
1520.4568392222993,479.5431607777007,100.0,True,535.26736069447,886.1673514517566,0.15634560498901046,1.8479407568124042,5.919273581355603,2.085318031391057
1521.7881382453716,478.21186175462844,100.0,True,544.586458753959,888.13868754919,0.16116674443426526,1.8572075654720916,5.914095250063546,2.091123370154089
1523.1194372684436,476.88056273155644,100.0,True,553.9381171892446,890.0976695729034,0.1660081332998364,1.8665002080907906,5.908925971124473,2.0969611222399847
1524.4507362915158,475.5492637084842,100.0,True,563.3224785161879,892.0442630341588,0.1708698323824572,1.8758188291108144,5.90376572082219,2.1028315598718046
1525.782035314588,474.21796468541197,100.0,True,572.7396871350284,893.9784332511139,0.17575190361560158,1.8851635741892734,5.89861447552328,2.1087349583295154
1527.11333433766,472.88666566233996,100.0,True,582.18988935577,895.9001453471982,0.18065441008210842,1.8945345902117419,5.893472211676733,2.114671595993024
1528.4446333607323,471.55536663926773,100.0,True,591.6732333987381,897.8093642494679,0.18557741601051062,1.9039320253061134,5.8883389058135975,2.120641754385936
1529.7759323838043,470.2240676161957,100.0,True,601.1898693956311,899.7060546869396,0.19052098677171683,1.9133560288566382,5.883214534546617,2.126645718220054
1531.1072314068765,468.8927685931235,100.0,True,610.7399493911003,901.5901811889137,0.19548518887606223,1.922806751518189,5.878099074569872,2.1326837754406465
1532.4385304299485,467.5614695700515,100.0,True,620.3236273447746,903.4617080832669,0.20047008997068386,1.9322843452306917,5.872992502658437,2.1387562172724692
1533.7698294530207,466.23017054697925,100.0,True,629.9410591338117,905.320599494737,0.20547575883725608,1.941788963233801,5.867894795668016,2.1448633382665996
1535.101128476093,464.898871523907,100.0,True,639.5924025558779,907.1668193431801,0.21050226539003442,1.9513207600817544,5.862805930534604,2.1510054363480546
1536.432427499165,463.567572500835,100.0,True,649.2778173326001,909.0003313418105,0.21554968067422584,1.9608798916584553,5.857725884274133,2.1571828128642423
1537.7637265222372,462.2362734777628,100.0,True,658.9974651135117,910.8210989954224,0.22061807686470075,1.9704665151927765,5.852654633982129,2.1633957726342476
1539.0950255453092,460.9049744546908,100.0,True,668.7515094803352,912.6290855985848,0.22570752726494486,1.9800807892740604,5.8475921568333655,2.1696446239989644
1540.4263245683815,459.57367543161854,100.0,True,678.5401159518306,914.4242542338255,0.23081810630639082,1.9897228738678825,5.842538430081521,2.1759296788721163
1541.7576235914535,458.24237640854653,100.0,True,688.363451988967,916.2065677697829,0.23594988954798185,1.9993929303319993,5.837493431058841,2.182251252792144
1543.0889226145257,456.9110773854743,100.0,True,698.2216870005939,917.9759888593461,0.2411029536760671,2.0090911214325695,5.832457137175796,2.1886096649750235
1544.420221637598,455.57977836240207,100.0,True,708.114992349465,919.7324799377662,0.24627737650454484,2.0188176113605785,5.827429525920745,2.195005238367989
1545.75152066067,454.24847933933006,100.0,True,718.0435413406149,921.476003220749,0.25147323696359675,2.0285725657485214,5.822410574859605,2.201438299704215
1547.0828196837422,452.9171803162578,100.0,True,728.0075093398327,923.2065207025263,0.2566906151725863,2.0383561516873354,5.817400261635507,2.20790917955846
1548.4141187068142,451.5858812931858,100.0,True,738.0070734990461,924.9239941539003,0.26192959225872947,2.0481685377435577,5.812398563968475,2.2144182124036864
1549.7454177298864,450.2545822701136,100.0,True,748.0424131333648,926.62838512027,0.267190250597207,2.058009893976767,5.807405459655089,2.2209657366686986
1551.0767167529584,448.9232832470416,100.0,True,758.113709470656,928.3196549196293,0.27247267364551747,2.067880391957253,5.80242092656816,2.2275520947967897
1552.4080157760307,447.59198422396935,100.0,True,768.2211457441931,929.9977646405463,0.2777769459996881,2.0777802047839784,5.797444942656396,2.234177633305454
1553.7393147991027,446.26068520089734,100.0,True,778.3649071966249,931.6626751401141,0.2831031533931398,2.0877095071027796,5.79247748594409,2.24084270284715
1555.070613822175,444.9293861778251,100.0,True,788.5451810583038,933.3143470418813,0.2884513826790791,2.0976684751248666,5.787518534530784,2.24754765827117
1556.401912845247,443.5980871547531,100.0,True,798.7621567025935,934.9527407337526,0.2938217219267104,2.1076572866455714,5.782568066590953,2.2542928586866093
1557.7332118683191,442.26678813168087,100.0,True,809.016025364635,936.5778163658705,0.29921426023672176,2.117676121063409,5.777626060373682,2.2610786675264865
1559.0645108913914,440.93548910860864,100.0,True,819.3069804398497,938.189533848466,0.3046290879295857,2.1277251593993984,5.772692494202354,2.2679054526130145
1560.3958099144634,439.60419008553663,100.0,True,829.6352173963305,939.7878528496854,0.3100662964854639,2.137804584316689,5.767767346474325,2.274773586224061
1561.7271089375356,438.2728910624644,100.0,True,840.0009336029493,941.3727327933925,0.3155259784304641,2.1479145801404913,5.76285059566061,2.281683445160828
1563.0584079606076,436.9415920393924,100.0,True,850.4043287540733,942.9441328569411,0.32100822760519104,2.1580553328782903,5.7579422203055755,2.2886354108167506
1564.3897069836798,435.61029301632016,100.0,True,860.84560447182,944.5020119689234,0.3265131389061981,2.168227030240393,5.75304219902662,2.295629869247683
1565.7210060067518,434.27899399324815,100.0,True,871.3249645216802,946.0463288068858,0.3320408084205271,2.1784298616607605,5.748150510513869,2.3026672112433495
1567.052305029824,432.9476949701759,100.0,True,881.8426147842879,947.5770417950241,0.3375913334039593,2.188664018318192,5.74326713352986,2.309747832400138
1568.3836040528963,431.6163959471037,100.0,True,892.3987632680642,949.0941091018443,0.3431648122854593,2.1989296931578095,5.7383920469092455,2.3168721331952224
1569.7149030759683,430.2850969240317,100.0,True,902.9936201222117,950.5974886377967,0.34876134467183556,2.209227080912886,5.733525229558475,2.3240405190620708
1571.0462020990406,428.95379790095944,100.0,True,913.6273976500618,952.0871380528811,0.3543810313526163,2.219556378127015,5.728666660455495,2.331253400467359
1572.3775011221126,427.62249887788744,100.0,True,924.3003103227545,953.5630147342202,0.3600239743051327,2.229917783176608,5.723816318649455,2.3385111929893134
1573.7088001451848,426.2911998548152,100.0,True,935.0125747932784,955.0250758036083,0.3656902766998179,2.2403114962937716,5.718974183260392,2.345814317397536
1575.0400991682568,424.9599008317432,100.0,True,945.764409910779,956.47327811502,0.371380042905672,2.2507377195895053,5.714140233478942,2.3531631997343103
1576.371398191329,423.62860180867096,100.0,True,956.5560367352027,957.907578252098,0.3770933784959257,2.2611966570773014,5.709314448566036,2.3605582713974615
1577.7026972144013,422.29730278559873,100.0,True,967.3876785521982,959.3279325256012,0.3828303902538602,2.2716885146970833,5.704496807852606,2.367999969224767
1579.0339962374733,420.9660037625267,100.0,True,978.2595608883748,960.7342969708258,0.3885911861788386,2.282213500339544,5.699687290739291,2.375488735579976
1580.3652952605455,419.6347047394545,100.0,True,989.1719115268606,962.126627344991,0.3943758754925176,2.292771823870865,5.694885876696136,2.383025018440471
1581.6965942836175,418.3034057163825,100.0,True,1000.1249605356113,963.5048791245912,0.40018456865310786,2.3033636971578124,5.690092545262312,2.3906092714865883
1583.0278933066897,416.97210669331025,100.0,True,1011.1189402216023,964.8690075027193,0.40601737732275933,2.3139893340932662,5.685307276045814,2.3982419541926725
1584.3591923297618,415.64080767023825,100.0,True,1022.1540852711466,966.2189673863477,0.41187441445261186,2.324648950622115,5.68053004872318,2.405923531919853
1585.690491352834,414.309508647166,100.0,True,1033.2306326439675,967.5547133935821,0.4177557942121412,2.3353427647676086,5.675760843039196,2.413654476010637
1587.021790375906,412.978209624094,100.0,True,1044.3488216498558,968.8761998508759,0.4236616320339311,2.3460709966580997,5.670999638806621,2.4214352638853076
1588.3530893989782,411.6469106010218,100.0,True,1055.5088939557963,970.183380790209,0.4295920446144644,2.3568338685542436,5.666246415905885,2.429266379140215
1589.6843884220502,410.31561157794977,100.0,True,1066.711093602909,971.4762099462309,0.4355471499211063,2.367631604876615,5.661501154284822,2.4371483116479586
1591.0156874451225,408.98431255487753,100.0,True,1077.9556670244897,972.7546407533686,0.441527067199762,2.3784644322338018,5.65676383395838,2.4450815576595493
1592.3469864681947,407.6530135318053,100.0,True,1089.2428630642958,974.0186263428908,0.44753191698267314,2.389332579450924,5.652034435008343,2.4530666199085496
1593.6782854912667,406.3217145087333,100.0,True,1100.5729329954565,975.2681195399417,0.4535618210965893,2.400236277598646,5.647312937583047,2.46110400771728
1595.009584514339,404.99041548566106,100.0,True,1111.946130537794,976.5030728605296,0.4596169026699205,2.411175760022655,5.6425993218971096,2.4691942371051137
1596.340883537411,403.65911646258905,100.0,True,1123.3627118799945,977.7234385084794,0.4656972861429198,2.422151262373618,5.637893568231149,2.477337830898908
1597.6721825604832,402.3278174395168,100.0,True,1134.822935658188,978.9291683723425,0.47180309725054853,2.4331630226376477,5.63319565693151,2.48553531884564
1599.0034815835552,400.9965184164448,100.0,True,1146.3270631647047,980.1202140222684,0.47793446314940313,2.4442112811672576,5.628505568409988,2.493787237727274
1600.3347806066274,399.6652193933726,100.0,True,1157.8753579982053,981.2965267068332,0.4840915121949622,2.455296280712851,5.623823283143564,2.5020941314779375
1601.6660796296997,398.33392037030035,100.0,True,1169.4680864440536,982.4580573498255,0.4902743741758953,2.466418266454712,5.6191487816741255,2.5104565513034314
1602.9973786527717,397.00262134722834,100.0,True,1181.1055173240957,983.6047565469898,0.49648318021622784,2.477577486035551,5.614482044608201,2.5188750558031585
1604.328677675844,395.6713223241561,100.0,True,1192.7879220461205,984.7365745627271,0.502718062802481,2.4887741895935935,5.609823052616689,2.52735021109451
1605.659976698916,394.3400233010841,100.0,True,1204.5155746265941,985.8534613267497,0.5089791557940571,2.5000086297962123,5.6051717864346,2.5358825909397638
1606.9912757219881,393.00872427801187,100.0,True,1216.2887517120298,986.9553664306918,0.5152665944327488,2.511281061874153,5.600528226860774,2.544472776875575
1608.3225747450601,391.67742525493986,100.0,True,1228.1077326214229,988.0422391246728,0.5215805153653265,2.52259174365631,5.595892354757636,2.553121358345091
1609.6538737681324,390.34612623186763,100.0,True,1239.9727992634992,989.1140283138172,0.5279210565882634,2.533940935605131,5.591264151050918,2.561828932832792
1610.9851727912046,389.0148272087954,100.0,True,1251.8842363671574,990.170682554722,0.5342883575871773,2.5453289008525863,5.586643596729406,2.570596106002076
1612.3164718142766,387.6835281857234,100.0,True,1263.8423312956227,991.2121500518795,0.5406825592174118,2.556755905236784,5.582030672844676,2.5794234918356933
1613.6477708373486,386.3522291626514,100.0,True,1275.8473741590701,992.2383786540504,0.5471038037702045,2.568222217339208,5.577425360510832,2.5883117127790856
1614.9790698604209,385.02093013957915,100.0,True,1287.8996578526353,993.2493158505861,0.5535522349923534,2.5797281085225934,5.572827640904256,2.5972613998866927
1616.310368883493,383.6896311165069,100.0,True,1299.9994781157595,994.2449087677011,0.5600279981190145,2.5912738529694583,5.568237495263348,2.606273192971303
1617.641667906565,382.3583320934349,100.0,True,1312.147133331444,995.2251041646905,0.5665312397455851,2.6028597277213055,5.563654904888267,2.61534774075653
1618.9729669296373,381.0270330703627,100.0,True,1324.3429248512944,996.1898484301003,0.5730621080250108,2.6144860127185203,5.559079851140684,2.6244857010324885
1620.3042659527093,379.69573404729067,100.0,True,1336.587156844232,997.13908757784,0.579620752570176,2.626152990840944,5.554512315443522,2.633687740814731
1621.6355649757816,378.36443502421844,100.0,True,1348.8801363583532,998.0727672432422,0.5862073244882442,2.637860947949184,5.54995227928071,2.642954536506561
1622.9668639988536,377.03313600114643,100.0,True,1361.2221733447363,998.9908326790652,0.5928219763914152,2.6496101729266246,5.54539972419693,2.652286774064758
1624.2981630219258,375.7018369780742,100.0,True,1373.6135806724496,999.893228751442,0.5994648624022411,2.661400957722215,5.540854631797371,2.6616851491688593
1625.629462044998,374.37053795500196,100.0,True,1386.0546741978353,1000.77989993577,0.6061361381923376,2.6732335973939816,5.536316983747478,2.6711503673940187
1626.96076106807,373.03923893192996,100.0,True,1398.545772698365,1001.6507903125406,0.6128359609376975,2.6851083901533372,5.5317867617727075,2.6806831443875914
1628.2920600911423,371.7079399088577,100.0,True,1411.0871979874892,1002.5058435631139,0.6195644893854105,2.6970256374101855,5.527263947658279,2.690284206049509
1629.6233591142143,370.3766408857857,100.0,True,1423.6792748939188,1003.3450029654284,0.6263218838369009,2.70898564381881,5.5227485232489375,2.699954288716532
1630.9546581372865,369.0453418627135,100.0,True,1436.3223312952796,1004.1682113896514,0.6331083061646193,2.720988717324622,5.518240470448701,2.7096941393505096
1632.2859571603585,367.7140428396415,100.0,True,1449.0166981425562,1004.9754112937646,0.6399239198230453,2.7330351692117185,5.513739771220628,2.7195045157307076
1633.6172561834308,366.38274381656925,100.0,True,1461.7627094850318,1005.7665447190901,0.6467688898599718,2.7451253141513416,5.509246407586573,2.729386186650355
1634.948555206503,365.051444793497,100.0,True,1474.5607024952287,1006.5415532857452,0.6536433829277757,2.7572594702511792,5.5047603616269445,2.739339932117463
1636.279854229575,363.720145770425,100.0,True,1487.411017471675,1007.3003781880357,0.6605475672811149,2.7694379591055958,5.500281615480472,2.749366543560075
1637.6111532526472,362.3888467473528,100.0,True,1500.3139979366142,1008.0429601897796,0.6674816128326498,2.7816611058467773,5.495810151343966,2.7594668240360374
1638.9424522757192,361.05754772428077,100.0,True,1513.2699905815584,1008.7692396195645,0.6744456911156956,2.7939292391968067,5.491345951472084,2.7696415884474
1640.2737512987915,359.72624870120853,100.0,True,1526.2793453238846,1009.4791563659294,0.6814399753147911,2.8062426915207146,5.486888998177088,2.7798916637595936
1641.6050503218635,358.3949496781365,100.0,True,1539.3424153193941,1010.1726498724826,0.6884646402693316,2.818601798880502,5.482439273828624,2.7902178892254734
1642.9363493449357,357.0636506550643,100.0,True,1552.4595569902503,1010.8496591329424,0.6955198624865853,2.8310069010901864,5.47799676085348,2.800621116614399
1644.267648368008,355.73235163199206,100.0,True,1565.6311300566426,1011.5101226861032,0.7026058201569536,2.8434583417718455,5.473561441735358,2.811102210446431
1645.59894739108,354.40105260892005,100.0,True,1578.8574975655447,1012.15397861073,0.7097226931674314,2.8559564684127428,5.469133299014642,2.8216620482318246
1646.930246414152,353.06975358584805,100.0,True,1592.1390259132077,1012.7811645203726,0.7168706631112408,2.868501632423513,5.464712315288172,2.8323015207159408
1648.2615454372242,351.7384545627758,100.0,True,1605.476084862897,1013.3916175581047,0.724049913294574,2.88109418919745,5.4602984732090105,2.843021532129712
1649.5928444602964,350.4071555397036,100.0,True,1618.8690475661288,1013.9852743911806,0.731260628745471,2.8937344981709114,5.455891755486224,2.8538230004458143
1650.9241434833684,349.0758565166316,100.0,True,1632.3182905895846,1014.5620712056112,0.7385029962261359,2.9064229228848797,5.451492144884648,2.8647068576407126
1652.2554425064407,347.74455749355934,100.0,True,1645.8241939392256,1015.1219437006592,0.7457772042435435,2.91915983104771,5.447099624224671,2.8756740499627265
1653.5867415295127,346.41325847048734,100.0,True,1659.3871410825136,1015.664827083248,0.7530834430588985,2.931945594599052,5.442714176382002,2.886725538206255
1654.918040552585,345.0819594474151,100.0,True,1673.0075189699455,1016.1906560622862,0.7604219046966761,2.944780589775042,5.438335784287454,2.8978622979923814
1656.249339575657,343.7506604243431,100.0,True,1686.6857180620518,1016.699364842901,0.7677927829569722,2.9576651971747085,5.433964430926726,2.9090853200559663
1657.5806385987291,342.41936140127086,100.0,True,1700.4221323646989,1017.1908871205889,0.7751962734328441,2.9705998018277175,5.429600099340169,2.92039561053947
1658.9119376218014,341.08806237819863,100.0,True,1714.2171593010962,1017.6651560752683,0.7826325734291902,2.983584793263391,5.425242772622581,2.931794191293624
1660.2432366448734,339.7567633551266,100.0,True,1728.0712000852664,1018.1221043652434,0.7901018821841065,2.9966205655811,5.420892433922983,2.9432821001851908
1661.5745356679456,338.4254643320544,100.0,True,1741.9846593583861,1018.5616641210728,0.7976044006455988,3.009707517522045,5.416549066444401,2.9548603914119935
1662.9058346910176,337.0941653089824,100.0,True,1755.9579454079962,1018.9837669393409,0.805140331599933,3.0228460525424246,5.41221265344365,2.966530135825384
1664.2371337140899,335.76286628591015,100.0,True,1769.9914701443176,1019.3883438763312,0.8127098796534733,3.036036578888082,5.407883178231118,2.9782924212604143
1665.5684327371619,334.43156726283814,100.0,True,1784.0856491263985,1019.7753254415995,0.8203132512445788,3.0492795096706065,5.403560624170559,2.9901483528738626
1666.899731760234,333.1002682397659,100.0,True,1798.2409015350768,1020.1446415914457,0.8279506546235919,3.062575262944984,5.3992449746788695,3.0020990534904013
1668.2310307833063,331.7689692166937,100.0,True,1812.4576502622267,1020.4962217222777,0.835622299902687,3.075924261788764,5.394936213225882,3.0141456639570583
1669.5623298063783,330.43767019362167,100.0,True,1826.73632186526,1020.8299946638729,0.8433283990248277,3.0893269343828513,5.390634323334154,3.0262893435062796
1670.8936288294503,329.10637117054966,100.0,True,1841.0773465966254,1021.1458886725303,0.8510691657778161,3.10278371409392,5.386339288578757,3.0385312701277956
1672.2249278525226,327.77507214747743,100.0,True,1855.481158415284,1021.443831424109,0.8588448157975589,3.1162950395584867,5.382051092587068,3.0508726409495384
1673.5562268755948,326.4437731244052,100.0,True,1869.948194993683,1021.7237500069562,0.8666555665686869,3.1298613547686975,5.377769719038559,3.0633146726278886
1674.8875258986668,325.1124741013332,100.0,True,1884.4788977288185,1021.9855709147195,0.8745016374276747,3.1434831091598787,5.3734951516645975,3.075858601747509
1676.218824921739,323.78117507826096,100.0,True,1899.0737117514482,1022.2292200390417,0.8823832495649051,3.1571607576998857,5.369227374248228,3.0885056852310533
1677.5501239448113,322.4498760551887,100.0,True,1913.7330859251797,1022.4546226621329,0.8903006260207545,3.1708947609802625,5.3649663706239785,3.1012572007589965
1678.8814229678833,321.1185770321167,100.0,True,1928.4574728453085,1022.6617034492243,0.8982539916816125,3.1846855853093254,5.360712124677651,3.1141144471999347
1680.2127219909553,319.7872780090447,100.0,True,1943.2473288384854,1022.850386440893,0.9062435732764784,3.1985337028071616,5.356464620346118,3.127078745051629
1681.5440210140275,318.4559789859725,100.0,True,1958.1031139618144,1023.0205950452604,0.9142695993733103,3.2124395915026076,5.352223841617121,3.140151436893099
1682.8753200370998,317.12467996290025,100.0,True,1973.0252919992154,1023.1722520300609,0.9223323003738282,3.2264037354322586,5.347989772529072,3.15333388784811
1684.2066190601718,315.79338093982824,100.0,True,1988.0143304537532,1023.3052795145762,0.9304319085060246,3.2404266247415694,5.343762397170852,3.1666274860603916
1685.537918083244,314.462081916756,100.0,True,2003.0707005359518,1023.4195989614353,0.9385686578143949,3.2545087557880943,5.339541699681606,3.1800336431809244
1686.869217106316,313.130782893684,100.0,True,2018.1948771486623,1023.5151311682722,0.9467427841482527,3.2686506312468873,5.335327664250553,3.193553794867641
1688.2005161293882,311.79948387061177,100.0,True,2033.3873388688953,1023.591796259246,0.9549545251483704,3.282852760218194,5.331120275116783,3.207189401297959
1689.5318151524602,310.46818484753976,100.0,True,2048.648567926258,1023.6495136764127,0.9632041202317553,3.297115658337397,5.326919516569066,3.220941947694465
1690.8631141755325,309.1368858244675,100.0,True,2063.9790501198977,1023.6882021709521,0.9714918105402068,3.3114398478873768,5.322725372945648,3.23481294486422
1692.1944131986047,307.8055868013953,100.0,True,2079.3792750744387,1023.70777979424,0.9798178390895244,3.325825857913244,5.318537828634063,3.2488039297520213
1693.5257122216767,306.4742877783233,100.0,True,2094.849735642523,1023.708163888769,0.988182450414177,3.340274224339596,5.3143568680709405,3.2629164660081127
1694.857011244749,305.14298875525105,100.0,True,2110.3909284158963,1023.6892710789103,0.9965858908677953,3.3547854900903213,5.310182475741806,3.2771521445707523
1696.188310267821,303.81168973217905,100.0,True,2126.0033534148483,1023.6510172615147,1.0050284084379273,3.3693602052109974,5.306014636180895,3.291512584264075
1697.5196092908932,302.4803907091068,100.0,True,2141.687514091588,1023.5933175963471,1.0135102527466902,3.3839989269940123,5.301853333970957,3.305999432411778
1698.8509083139652,301.1490916860348,100.0,True,2157.443917264204,1023.5160864963556,1.0220316750106488,3.398702220106411,5.297698553743073,3.320614365467047
1700.1822073370374,299.8177926629626,100.0,True,2173.273073015777,1023.419237617766,1.0305929279804766,3.4134706567206083,5.293550280176456,3.3353590896593013
1701.5135063601097,298.48649363989034,100.0,True,2189.1754948828684,1023.302683850002,1.0391942660510638,3.428304816647978,5.289408497998271,3.3502353416582125
1702.8448053831817,297.15519461681833,100.0,True,2205.1516992272277,1023.1663373054245,1.0478359448915453,3.4432052874754473,5.285273191983446,3.365244889255596
1704.1761044062537,295.82389559374633,100.0,True,2221.2022057177396,1023.0101093088871,1.0565182217286428,3.458172664705161,5.281144346954483,3.380389532065711
1705.507403429326,294.4925965706741,100.0,True,2237.327536947378,1022.8339103871042,1.0652413551216047,3.47320755189728,5.277021947781271,3.395671102244548
1706.8387024523981,293.16129754760186,100.0,True,2253.5282183880977,1022.6376502578272,1.074005604936286,3.48831056081602,5.272905979380907,3.411091465228713
1708.1700014754701,291.82999852452986,100.0,True,2269.804778277239,1022.4212378188213,1.082811232279366,3.503482311579018,5.268796426717509,3.4266525204945464
1709.5013004985424,290.4986995014576,100.0,True,2286.1577474939413,1022.1845811366461,1.0916584994271266,3.5187234328101256,5.264693274802029,3.442356202338119
1710.8325995216146,289.1674004783854,100.0,True,2302.58765942242,1021.9275874352251,1.1005476697470014,3.5340345617956745,5.260596508692078,3.458204480676748
1712.1638985446866,287.8361014553134,100.0,True,2319.0950498043494,1021.6501630842097,1.1094790076132315,3.549416344644388,5.256506113491742,3.4741993618727847
1713.4951975677586,286.5048024322414,100.0,True,2335.6804565773436,1021.3522135871236,1.11845277831492,3.5648694364509796,5.2524220743513945,3.490342889580362
1714.8264965908309,285.17350340916914,100.0,True,2352.3444196992705,1021.0336435692885,1.1274692479563644,3.5803945014635583,5.248344376467528,3.506637145615847
1716.157795613903,283.8422043860969,100.0,True,2369.0874808834674,1020.6943567655272,1.136528683306056,3.5959922132549598,5.244273005082568,3.5230842508528015
1717.489094636975,282.5109053630249,100.0,True,2385.910183759056,1020.3342560076303,1.1456313518940169,3.611663254898095,5.240207945484699,3.53968636614224
1718.8203936600473,281.17960633995267,100.0,True,2402.813072910669,1019.953243211591,1.15477752145685,3.6274083191454642,5.236149183007682,3.5564456932590507
1720.1516926831193,279.84830731688066,100.0,True,2419.796694372448,1019.5512193645981,1.1639674602309324,3.6432281086128904,5.232096703030684,3.5733644758753886
1721.4829917061916,278.51700829380843,100.0,True,2436.861594937358,1019.1280845117776,1.1732014365561938,3.6591233359676774,5.228050490978098,3.590445000562037
1722.8142907292636,277.1857092707364,100.0,True,2454.0083221646983,1018.6837377426859,1.1824797188871365,3.675094724121235,5.2240105323193715,3.6076895978185766
1724.1455897523358,275.8544102476642,100.0,True,2471.237423677441,1018.2180771775393,1.1918025753920365,3.69114300642638,5.219976812568827,3.625100643133428
1725.476888775408,274.52311122459196,100.0,True,2488.5494471899506,1017.7309999531805,1.2011702739774344,3.7072689268793755,5.2159493172855,3.6426805580747015
1726.80818779848,273.19181220151995,100.0,True,2505.9449399617724,1017.2224022087711,1.2105830819802872,3.7234732403268986,5.211928032072956,3.660431811412964
1728.1394868215523,271.8605131784477,100.0,True,2523.424448479371,1016.6921790712064,1.2200412659935933,3.739756712678076,5.20791294257912,3.6783569202770012
1729.4707858446243,270.5292141553757,100.0,True,2540.9885179385055,1016.1402246402436,1.2295450915777006,3.756120121121683,5.2039040344961105,3.6964584513436693
1730.8020848676965,269.1979151323035,100.0,True,2558.6376918765313,1015.5664319733372,1.2390948230597172,3.7725642543487523,5.199901293560069,3.7147390220631054
1732.1333838907685,267.8666161092315,100.0,True,2576.372511692782,1014.9706930701768,1.2486907232693918,3.789089912780654,5.195904705550988,3.733201301920419
1733.4646829138408,266.53531708615924,100.0,True,2594.1935157583903,1014.3528988569127,1.258333053039527,3.805697908802895,5.191914256292541,3.751848013735244
1734.795981936913,265.204018063087,100.0,True,2612.101239608794,1013.7129391700716,1.2680220713329535,3.822389067004741,5.187929931651922,3.7706819350003924
1736.127280959985,263.872719040015,100.0,True,2630.096214443013,1013.0507027401459,1.2777580343937995,3.839164224424889,5.183951717539674,3.789705899261056
1737.458579983057,262.541420016943,100.0,True,2648.1789669608465,1012.3660771748519,1.2875411956728746,3.85602423080335,5.179979599909521,3.8089227975359674
1738.7898790061292,261.21012099387076,100.0,True,2666.35001847065,1011.6589489420513,1.2973718053340773,3.8729699488397302,5.176013564758203,3.828335579782013
1740.1211780292015,259.8788219707985,100.0,True,2684.6098841097223,1010.9292033523218,1.30725010982796,3.890002254458101,5.172053598125318,3.847947256403854
1741.4524770522735,258.5475229477265,100.0,True,2702.9590719612165,1010.1767245411702,1.3171763514080148,3.9071220370786883,5.168099686093154,3.8677608998102113
1742.7837760753457,257.2162239246543,100.0,True,2721.398082089551,1009.401395450881,1.327150767602603,3.9243301998965756,5.164151814786519,3.88777964601847
1744.115075098418,255.88492490158205,100.0,True,2739.9274057445004,1008.6030978119894,1.3371735907862088,3.9416276601676175,5.160209970372592,3.9080066963093585
1745.44637412149,254.55362587851005,100.0,True,2758.5475238016143,1007.7817121243668,1.3472450473153337,3.959015349501827,5.156274139060754,3.9284453189335697
1746.777673144562,253.22232685543804,100.0,True,2777.2589060315718,1006.937117637911,1.3573653571430944,3.9764942141644597,5.152344307102422,3.9490988508722196
1748.1089721676342,251.8910278323658,100.0,True,2796.0620095759705,1006.0691923328324,1.3675347329818381,3.9940652153850205,5.1484204607909,3.9699706996531168
1749.4402711907064,250.55972880929357,100.0,True,2814.957277593147,1005.1778128995198,1.3777533795669854,4.011729329674452,5.144502586461216,3.9910643452249324
1750.7715702137784,249.22842978622157,100.0,True,2833.9451377670975,1004.2628547179839,1.3880214928462555,4.029487549150799,5.1405906704899555,4.012383341891457
1752.1028692368507,247.89713076314933,100.0,True,2853.0260004603933,1003.324191836853,1.398339258969633,4.047340881873572,5.136684699295114,4.033931320308177
1753.4341682599227,246.56583174007733,100.0,True,2872.200257331761,1002.3616969519272,1.4087068535491614,4.065290352187112,5.132784659335937,4.0557119895435125
1754.765467282995,245.2345327170051,100.0,True,2891.468278954657,1001.3752413842628,1.4191244403530399,4.08333700107328,5.128890537112758,4.077729139207228
1756.096766306067,243.9032336939331,100.0,True,2910.8304128969603,1000.3646950577827,1.4295921702684833,4.101481886513692,5.12500231916685,4.099986641648508
1757.4280653291391,242.57193467086086,100.0,True,2930.2869814832306,999.3299264763973,1.4401101800889224,4.119726083861929,5.121119992080266,4.122488454226464
1758.7593643522114,241.24063564778862,100.0,True,2949.8382789329953,998.2708027006252,1.4506785909521884,4.138070686225934,5.117243542475688,4.145238621655765
1760.0906633752834,239.90933662471662,100.0,True,2969.48456910382,997.1871893236962,1.4612975071296612,4.156516804861029,5.11337295701627,4.168241278430409
1761.4219623983556,238.57803760164438,100.0,True,2989.226082102461,996.0789504471236,1.4719670141785615,4.175065569573862,5.109508222405482,4.191500651328635
1762.7532614214276,237.24673857857238,100.0,True,3009.063011173086,994.9459486557314,1.482687177260075,4.193718129137615,5.105649325386974,4.215021062002147
1764.0845604444999,235.91543955550014,100.0,True,3027.357868912215,993.5925668765162,1.4926294451893376,4.211647057727942,5.101796252744399,4.238806929653053
1765.4158594675719,234.58414053242814,100.0,True,3021.2865489912915,989.3131408605269,1.490246452759446,4.21730615980737,5.097948991301285,4.262862773801894
1766.747158490644,233.2528415093559,100.0,True,3015.158900027084,985.0261594889243,1.4878390175155176,4.22299746967676,5.094107527920872,4.287193217150538
1768.0784575137163,231.92154248628367,100.0,True,3008.9731975918203,980.7315796387771,1.4854062413101636,4.228721356045567,5.090271849505966,4.311802988543602
1769.4097565367883,230.59024346321166,100.0,True,3002.7276288489093,976.429357692069,1.4829471789857243,4.234478193991102,5.086441942998792,4.336696926032518
1770.7410555598603,229.25894444013966,100.0,True,2996.4202861745903,972.1194495271211,1.4804608349532677,4.2402683651060125,5.08261779538084,4.361879980046334
1772.0723545829326,227.92764541706742,100.0,True,2990.0491601456993,967.8018105098203,1.4779461594294012,4.246092257650069,5.0787993936727265,4.387357216673633
1773.4036536060048,226.5963463939952,100.0,True,2983.6121320314805,963.4763954846409,1.475402044410474,4.2519502667063875,5.074986724934041,4.413133821060144
1774.7349526290768,225.26504737092318,100.0,True,2977.1069652597153,959.1431587654519,1.472827319087074,4.257842794342254,5.071179776263198,4.43921510092683
1776.066251652149,223.93374834785095,100.0,True,2970.531296310698,954.8020541261079,1.4702207449571079,4.26377024977473,5.0673785347972995,4.4656064902135
1777.3975506752213,222.60244932477872,100.0,True,2963.8826245700698,950.4530347908221,1.4675810103751903,4.269733049541174,5.063582987711984,4.492313552853105
1778.7288496982933,221.2711503017067,100.0,True,2957.1583011613093,946.0960534243023,1.4649067245529914,4.2757316176749,5.059793122221284,4.519341986682331
1780.0601487213653,219.9398512786347,100.0,True,2950.355516605582,941.7310621216492,1.462196410927863,4.281766385886114,5.05600892557748,4.54669762749422
1781.3914477444375,218.60855225556247,100.0,True,2943.4712871578045,937.3580123980154,1.4594484998182,4.287837793748366,5.0522303850709624,4.574386453238839
1782.7227467675098,217.27725323249024,100.0,True,2936.50243964446,932.9768551780105,1.4566613202714187,4.293946288890673,5.048457488030087,4.602414588378395
1784.0540457905818,215.94595420941823,100.0,True,2929.445594601427,928.5875407848442,1.4538330909956783,4.300092327195565,5.044690221821032,4.630788308403446
1785.385344813654,214.614655186346,100.0,True,2922.2971474776978,924.1900189292015,1.4509619102490154,4.306276373003252,5.040928573847657,4.659514044517222
1786.716643836726,213.283356163274,100.0,True,2915.0532476323783,919.7842386978487,1.4480457445387422,4.3124988993221285,5.037172531551365,4.68859838849532
1788.0479428597982,211.95205714020176,100.0,True,2907.7097748066153,915.3701485419425,1.4450824159592852,4.318760388045891,5.033422082410961,4.718048097728635
1789.3792418828702,210.62075811712975,100.0,True,2900.26231269732,910.9476962650606,1.4420695879670178,4.325061330177471,5.029677213942512,4.747870100457445
1790.7105409059425,209.28945909405752,100.0,True,2892.7061191937582,906.5168290109139,1.4390047493551248,4.331402226060095,5.025937913699211,4.778071501205353
1792.0418399290147,207.9581600709853,100.0,True,2885.0360927588117,902.0774932507608,1.435885196148687,4.337783585615693,5.022204169271239,4.808659586421883
1793.3731389520867,206.62686104791328,100.0,True,2877.2467343405942,897.6296347704882,1.4327080110882606,4.3442059285909735,5.018475968285622,4.839641830343233
1794.704437975159,205.29556202484105,100.0,True,2869.332104083356,893.1731986573626,1.4294700403071268,4.350669784811458,5.014753298406102,4.871025901081089
1796.035736998231,203.96426300176904,100.0,True,2861.2857719636722,888.708129286443,1.4261678667301467,4.357175694443761,5.011036147333,4.902819666949826
1797.3670360213032,202.6329639786968,100.0,True,2853.100761302527,884.2343703066291,1.4227977796273832,4.363724208266481,5.00732450280307,4.935031203043212
1798.6983350443752,201.3016649556248,100.0,True,2844.769483887158,879.7518646263538,1.4193557396384955,4.370315887949995,5.003618352589381,4.967668798071994
1800.0296340674474,199.97036593255257,100.0,True,2836.283665167616,875.2605543988861,1.415837338438576,4.376951306345562,4.9999176845011695,5.000740961474697
1801.3609330905197,198.63906690948033,100.0,True,2827.6342576569496,870.7603810072528,1.412237752034443,4.383631047784058,4.996222486383712,5.034256430814283
1802.6922321135917,197.30776788640833,100.0,True,2818.8113402420554,866.25128504875,1.4085516864523666,4.39035570838477,4.99253274611819,5.068224179474313
1804.0235311366637,195.97646886333632,100.0,True,2809.8040007955665,861.7332063190354,1.4047733144099732,4.397125896374645,4.988848451621558,5.102653424668792
1805.354830159736,194.6451698402641,100.0,True,2800.6001972817726,857.206083795793,1.40089620035624,4.403942232418409,4.985169590846409,5.137553635780696
1806.6861291828081,193.31387081719186,100.0,True,2791.1865962955067,852.6698556219496,1.3969132133522817,4.410805349960018,4.981496151780851,5.1729345430450495
1808.0174282058802,191.98257179411985,100.0,True,2781.5483789851546,848.1244590884278,1.3928164222976818,4.417715895575916,4.977828122448366,5.208806146593295
1809.3487272289524,190.65127277104762,100.0,True,2771.669010898502,843.5698306164165,1.3885969716802993,4.4246745293405745,4.974165490907686,5.245178725876623
1810.6800262520244,189.3199737479756,100.0,True,2761.52996556474,839.005905739158,1.3842449323239148,4.431681925204838,4.970508245252666,5.28206284948681
1812.0113252750966,187.98867472490338,100.0,True,2751.1103904277866,834.4326190832078,1.3797491209793267,4.438738771387637,4.966856373612143,5.319469385394455
1813.3426242981686,186.65737570183137,100.0,True,2740.3867004841877,829.8499043491771,1.375096880841818,4.445845770781589,4.963209864149825,5.357409511625255
1814.6739233212409,185.32607667875914,100.0,True,2729.332080238846,825.2576942919147,1.3702738125123404,4.4530036413731535,4.959568705064146,5.395894727396522
1816.005222344313,183.9947776556869,100.0,True,2717.915868420576,820.655920700129,1.3652634415829787,4.460213116677902,4.955932884588152,5.434936864737106
1817.336521367385,182.6634786326149,100.0,True,2706.102791364053,816.044514375413,1.3600468044115868,4.467474946191607,4.952302390989367,5.47454810061549
1818.6678203904573,181.33217960954266,100.0,True,2693.8519990974546,811.4234051106597,1.3546019272331693,4.474789895857835,4.948677212569667,5.514740969602148
1819.9991194135293,180.00088058647066,100.0,True,2681.1158414882975,806.7925216678483,1.3489031647324787,4.48215874855275,4.945057337665158,5.555528377093744
1821.3304184366016,178.66958156339842,100.0,True,2667.838298066704,802.1517917551635,1.3429203513696195,4.48958230458793,4.941442754646047,5.5969236131286495
1822.6617174596736,177.33828254032642,100.0,True,2653.952941000228,797.5011420034454,1.3366177002897566,4.497061382231978,4.937833451916523,5.638940366824641
1823.9930164827458,176.00698351725418,100.0,True,2639.380261022573,792.8404979419179,1.3299523577960992,4.504596818251787,4.934229417914625,5.681592741471924
1825.324315505818,174.67568449418195,100.0,True,2624.024113133384,788.1697839731971,1.32287248191748,4.5121894684743555,4.930630641112124,5.724895270316274
1826.65561452889,173.34438547110994,100.0,True,2607.7669308186632,783.4889233475275,1.3153146552069401,4.519840208370094,4.9270371100144,5.768862933069515
1827.9869135519623,172.0130864480377,100.0,True,2590.463197001006,778.7978381362278,1.3072003551903302,4.527549933658621,4.9234488131603165,5.8135111731867175
1829.3182125750343,170.6817874249657,100.0,True,2571.9304228166347,774.096449204323,1.2984310778764072,4.535319560938085,4.9198657391221055,5.858855915951871
1830.6495115981065,169.35048840189347,100.0,True,2551.936543331431,769.3846761823089,1.2888815252831127,4.543150028339136,4.916287876505234,5.904913587416728
1831.9808106211785,168.01918937882147,100.0,True,2530.1821776316074,764.6624374370442,1.278390019349689,4.5510422962047015,4.912715213948298,5.951701134239898
1833.3121096442508,166.68789035574923,100.0,True,2506.27568625908,759.929650041704,1.2667450288495556,4.558997347796796,4.909147740122889,5.9992360444767545
1834.643408667323,165.356591332677,100.0,True,2479.698769244135,755.1862297447882,1.253666598973889,4.567016190031681,4.905585443733483,6.04753636937353
1835.974707690395,164.025292309605,100.0,True,2449.7618647119866,750.4320909381215,1.2387823063906884,4.575099854244721,4.902028313517318,6.096620746222818
1837.306006713467,162.693993286533,100.0,True,2415.55607653649,745.667146623818,1.2216014296877453,4.583249396986439,4.8984763382442775,6.146508422341214
1838.6373057365392,161.36269426346075,100.0,True,2375.932539606654,740.8913083801633,1.2015041548281604,4.591465900851236,4.894929506716765,6.197219280233856
1839.9686047596115,160.03139524038852,100.0,True,2329.5977286691596,736.1044863263762,1.1777938413566293,4.599750475340473,4.891387807769596,6.248773864015035
1841.2999037826835,158.7000962173165,100.0,True,2275.483340538285,731.3065890861895,1.1498981811767945,4.608104257761585,4.887851230269879,6.301193407158661
1842.6312028057557,157.36879719424428,100.0,True,2213.4292944174867,726.4975237502105,1.1177394151939866,4.616528414165079,4.88431976311689,6.354499861657294
1843.9625018288277,156.03749817117227,100.0,True,2144.6471675489556,721.6771958370157,1.081983874030453,4.625024140321321,4.880793395241969,6.408715928673796
1845.2938008519,154.70619914810004,100.0,True,2071.201577542282,716.8455092529048,1.0437582450694247,4.6335926627391935,4.877272115608394,6.463865090775718
1846.625099874972,153.37490012502803,100.0,True,1994.945332403347,712.0023662502826,1.0040712664978018,4.64223523972875,4.873755913211272,6.519971645848314
1847.9563988980442,152.0436011019558,100.0,True,1917.0055550324405,707.1476673845829,0.963536074470204,4.6509531625102145,4.8702447770774215,6.577060742789369
1849.2876979211164,150.71230207888357,100.0,True,1837.9075359243716,702.2813114696952,0.9224386002887969,4.659747756371724,4.86673869626526,6.635158419095709
1850.6189969441884,149.38100305581156,100.0,True,1757.8496751397806,697.4031955318095,0.8808873149216438,4.668620381878454,4.8632376598646925,6.694291640459671
1851.9502959672607,148.04970403273933,100.0,True,1676.8891777758831,692.5132147616146,0.8389141370983617,4.677572436135867,4.859741656996989,6.754488342501937
1853.2815949903327,146.71840500966732,100.0,True,1595.0307130500519,687.6112624647849,0.7965225472599838,4.68660535410999,4.856250676814684,6.815777474776322
1854.612894013405,145.3871059865951,100.0,True,1512.26137554159,682.6972300106589,0.7537065406177931,4.69572061000791,4.8527647085014545,6.878189047192407
1855.944193036477,144.05580696352308,100.0,True,1428.5626664756078,677.7710067790495,0.7104571168258981,4.704919718721721,4.849283741272016,6.941754179012122
1857.2754920595492,142.72450794045085,100.0,True,1343.9141148434119,672.8324801050761,0.6667642404388858,4.714204237339553,4.845807764372005,7.006505150588653
1858.6067910826214,141.39320891737862,100.0,True,1258.294234722318,667.8815352219486,0.62261735972056,4.723575766727361,4.842336767077872,7.072475458028099
1859.9380901056934,140.0619098943066,100.0,True,1171.6807316878326,662.9180552015915,0.5780055194983984,4.733035953185574,4.838870738696772,7.139699870968624
1861.2693891287656,138.73061087123438,100.0,True,1084.0505206940406,657.9419208930061,0.5329173722427312,4.742586490184839,4.835409668566448,7.208214493686402
1862.6006881518376,137.39931184816237,100.0,True,995.3797009152354,652.953010858278,0.48734116599273386,4.752229120185444,4.831953546055131,7.27805682975387
1863.9319871749099,136.06801282509014,100.0,True,905.6435207005613,647.951201306091,0.4412647270309965,4.761965636545348,4.828502360561425,7.349265850493893
1865.2632861979819,134.73671380201813,100.0,True,814.8163392175729,642.936366022651,0.3946754408584056,4.771797885521985,4.8250561015142,7.421882067491998
1866.594585221054,133.4054147789459,100.0,True,722.8715858818514,637.9083762998678,0.34756023206567954,4.781727768373482,4.821614758372484,7.49594760945056
1867.9258842441263,132.07411575587366,100.0,True,629.781717649045,632.8671008606814,0.29990554314799406,4.791757243565238,4.818178320625357,7.571506303690907
1869.2571832671983,130.74281673280166,100.0,True,535.5181740858602,627.8124057813691,0.25169731222339503,4.801888329088287,4.814746777791843,7.648603762634961
1870.5884822902703,129.41151770972965,100.0,True,440.05133011031126,622.744154410689,0.20292094960188536,4.812123104896317,4.8113201194208015,7.72728747562487
1871.9197813133426,128.08021868665742,100.0,True,343.3504462850158,617.6622072856989,0.15356131314890437,4.822463715468679,4.807898335090824,7.80760690646895
1873.2510803364148,126.74891966358518,100.0,True,245.383616543789,612.5664220440751,0.1036026823853575,4.8329123725073035,4.804481414410128,7.889613597135051
1874.5823793594868,125.41762064051318,100.0,True,146.1177132216916,607.4566533327442,0.05302873126129956,4.8434713577760204,4.801069347016453,7.973361278048148
1875.913678382559,124.08632161744094,100.0,True,45.51832929707177,602.332752712633,0.0018224995612004303,4.85414302609138,4.7976621225769485,8.05890598548813
1877.2449774056313,122.75502259436871,100.0,False,-inf,,,4.864929808474779,,
1878.5762764287033,121.4237235712967,100.0,False,-inf,,,4.875834215476467,,
1879.9075754517753,120.0924245482247,100.0,False,-inf,,,4.886858840682795,,
1881.2388744748475,118.76112552515247,100.0,False,-inf,,,4.898006364418945,,
1882.5701734979198,117.42982650208023,100.0,False,-inf,,,4.909279557660383,,
1883.9014725209918,116.09852747900823,100.0,False,-inf,,,4.920681286167316,,
1885.2327715440638,114.76722845593622,100.0,False,-inf,,,4.932214514857584,,
1886.5640705671362,113.43592943286376,100.0,False,-inf,,,4.9438823124346625,,
1887.8953695902082,112.10463040979175,100.0,False,-inf,,,4.955687856288856,,
