capacity_leased_mbps,nM,nV,valid,interval_contains,pV_formula_error,pM_root_residual,revenue_identity_error
5.0,,,False,False,,,
10.0,,,False,False,,,
15.0,,,False,False,,,
20.0,,,False,False,,,
25.0,,,False,False,,,
30.0,,,False,False,,,
35.0,,,False,False,,,
40.0,,,False,False,,,
45.0,,,False,False,,,
50.0,,,False,False,,,
55.0,1857.8713304837127,142.1286695162873,True,True,0.0,-2.9612579055537935e-10,0.0
60.0,1858.4004830763492,141.5995169236508,True,True,0.0,-1.0516032489249483e-12,0.0
65.0,1846.6006462575313,153.39935374246875,True,True,0.0,-2.4158453015843406e-12,0.0
70.0,1834.800556161211,165.19944383878897,True,True,0.0,-6.792788553866558e-12,0.0
75.0,1823.0007379302392,176.9992620697607,True,True,0.0,-1.3784529073745944e-11,0.0
80.0,1811.2006920771655,188.79930792283457,True,True,0.0,-2.276578925375361e-11,0.0
85.0,1799.400699759324,200.59930024067603,True,True,0.0,-3.1036506698001176e-11,0.0
90.0,1787.6008792107932,212.39912078920682,True,True,0.0,-3.242917046009097e-11,0.0
95.0,1775.8010513734205,224.1989486265796,True,True,0.0,-2.788169695122633e-11,0.0
100.0,1764.000834216877,235.99916578312312,True,True,0.0,5.856293228134746e-10,0.0
105.0,1752.2010961647106,247.79890383528934,True,True,0.0,8.526512829121202e-12,0.0
110.0,1740.4012814204777,259.5987185795222,True,True,0.0,-1.4097167877480388e-11,0.0
115.0,1225.9264240868029,774.073575913197,True,True,0.0,-1.0163603292312473e-10,0.0
120.0,1183.1024040302968,816.8975959697032,True,True,0.0,0.0,0.0
125.0,1140.3958566306947,859.6041433693053,True,True,0.0,-1.1368683772161603e-13,0.0
130.0,1097.7883197372562,902.2116802627439,True,True,0.0,-1.7520278561278246e-09,0.0
135.0,1055.2650657820886,944.7349342179115,True,True,0.0,-1.1368683772161603e-13,0.0
140.0,1012.814190664154,987.185809335846,True,True,0.0,7.389644451905042e-12,0.0
145.0,970.4259599218465,1029.5740400781535,True,True,0.0,2.913111529778689e-09,0.0
150.0,948.7015563407497,1051.2984436592503,True,True,0.0,3.032482709386386e-09,0.0
155.0,942.9541281306269,1057.045871869373,True,True,0.0,9.30867827264592e-10,0.0
160.0,937.269716420346,1062.730283579654,True,True,0.0,4.979483492206782e-11,0.0
165.0,931.6435531640541,1068.356446835946,True,True,0.0,-2.2737367544323206e-13,0.0
170.0,926.0736029771715,1073.9263970228285,True,True,0.0,7.1363501774612814e-09,0.0
175.0,920.5594920921565,1079.4405079078435,True,True,0.0,1.5847945178393275e-10,0.0
180.0,915.0966556694937,1084.9033443305063,True,True,0.0,2.0463630789890885e-12,0.0
185.0,909.6837538928464,1090.3162461071536,True,True,0.0,0.0,0.0
190.0,904.3193259005398,1095.6806740994602,True,True,0.0,0.0,0.0
195.0,899.0016547201008,1100.9983452798992,True,True,0.0,-1.4911393009242602e-08,0.0
200.0,893.7283159360238,1106.2716840639762,True,True,0.0,-1.6621015674900264e-09,0.0
205.0,888.4979198522892,1111.5020801477108,True,True,0.0,-2.396518539171666e-10,-9.094947017729282e-13
210.0,883.3099846167456,1116.6900153832544,True,True,0.0,-4.206412995699793e-11,0.0
215.0,878.1608627608016,1121.8391372391984,True,True,0.0,-7.503331289626658e-12,0.0
220.0,873.0501535413255,1126.9498464586745,True,True,0.0,-6.821210263296962e-13,0.0
225.0,867.9776167807295,1132.0223832192705,True,True,0.0,-2.8507884053396992e-08,0.0
230.0,862.9398500060963,1137.0601499939037,True,True,0.0,2.7832811611006036e-09,0.0
235.0,857.9366566691886,1142.0633433308114,True,True,0.0,0.0,0.0
240.0,198.91679324308416,1801.0832067569158,True,True,0.0,-1.950866135302931e-10,0.0
245.0,198.90558684231678,1801.0944131576832,True,True,0.0,-4.424691724125296e-10,0.0
250.0,198.89438316504834,1801.1056168349517,True,True,0.0,6.821210263296962e-13,0.0
255.0,198.88461270696098,1801.115387293039,True,True,0.0,-3.637978807091713e-12,0.0
260.0,198.87274150172198,1801.127258498278,True,True,0.0,2.2737367544323206e-13,0.0
265.0,198.86163620628872,1801.1383637937113,True,True,0.0,2.2737367544323206e-13,0.0
270.0,198.85148348232042,1801.1485165176796,True,True,0.0,7.844391802791506e-10,0.0
275.0,198.84046969293036,1801.1595303070696,True,True,0.0,2.4813289201119915e-09,0.0
280.0,198.82863333085925,1801.1713666691408,True,True,0.0,-2.810338628478348e-10,0.0
285.0,198.81786678805497,1801.182133211945,True,True,0.0,2.2737367544323206e-13,0.0
290.0,198.80634820602017,1801.1936517939798,True,True,0.0,-4.547473508864641e-13,0.0
295.0,198.79410939242553,1801.2058906075745,True,True,0.0,5.775291356258094e-11,0.0
300.0,198.78303742089292,1801.216962579107,True,True,0.0,0.0,0.0
305.0,198.7713038589825,1801.2286961410175,True,True,0.0,1.2214513844810426e-09,0.0
310.0,198.75893525659353,1801.2410647434065,True,True,0.0,-5.435140337795019e-09,0.0
315.0,198.74781460628378,1801.2521853937162,True,True,0.0,0.0,0.0
320.0,198.7361081408278,1801.2638918591722,True,True,0.0,1.1141310096718371e-11,0.0
325.0,198.72383822328902,1801.276161776711,True,True,0.0,-5.115907697472721e-10,0.0
330.0,198.7110260180034,1801.2889739819966,True,True,0.0,4.501998773775995e-11,0.0
335.0,198.6995504799927,1801.3004495200073,True,True,0.0,5.322135621099733e-09,0.0
340.0,198.6857130305134,1801.3142869694866,True,True,0.0,-1.127773430198431e-10,0.0
345.0,198.6732497386888,1801.3267502613112,True,True,0.0,-4.547473508864641e-13,0.0
350.0,198.6603188083743,1801.3396811916257,True,True,0.0,-3.752802513190545e-09,0.0
355.0,198.64693650114532,1801.3530634988547,True,True,0.0,0.0,0.0
360.0,198.63497829482185,1801.3650217051782,True,True,0.0,2.5725057639647275e-09,0.0
365.0,198.62073909330798,1801.379260906692,True,True,0.0,-6.821210263296962e-13,0.0
370.0,198.60795314071424,1801.3920468592858,True,True,0.0,-5.161382432561368e-11,0.0
375.0,198.59477377607163,1801.4052262239284,True,True,0.0,3.774403012357652e-11,0.0
380.0,198.5812137329699,1801.41878626703,True,True,0.0,-6.821210263296962e-13,0.0
385.0,198.56728516408998,1801.43271483591,True,True,0.0,1.3048975233687088e-09,-1.8189894035458565e-12
390.0,198.5529996751286,1801.4470003248714,True,True,0.0,-3.986997398897074e-09,0.0
395.0,198.5383683563232,1801.4616316436768,True,True,0.0,9.094947017729282e-13,0.0
400.0,198.52340181176965,1801.4765981882304,True,True,0.0,3.3858214010251686e-09,0.0
405.0,198.50811018672357,1801.4918898132764,True,True,0.0,-3.342393029015511e-11,0.0
410.0,198.49250319303928,1801.5074968069607,True,True,0.0,-6.821210263296962e-12,0.0
415.0,198.47845223699142,1801.5215477630086,True,True,0.0,3.3573996915947646e-09,0.0
420.0,198.4622421960771,1801.537757803923,True,True,0.0,-4.333742253948003e-09,0.0
425.0,198.4457435484112,1801.5542564515888,True,True,0.0,3.4281129046576098e-09,0.0
430.0,198.43082710332396,1801.569172896676,True,True,0.0,0.0,0.0
435.0,198.4137756770483,1801.5862243229517,True,True,0.0,2.2737367544323206e-11,0.0
440.0,198.39832220382186,1801.6016777961781,True,True,0.0,4.6418335841735825e-09,0.0
445.0,198.38074823961665,1801.6192517603833,True,True,0.0,0.0,0.0
450.0,198.36292353703175,1801.6370764629683,True,True,0.0,-4.763478500535712e-09,0.0
455.0,198.3467182077411,1801.653281792259,True,True,0.0,-2.5011104298755527e-12,0.0
460.0,198.32841206465105,1801.671587935349,True,True,0.0,1.043417796608992e-09,0.0
465.0,198.3098745700686,1801.6901254299314,True,True,0.0,-4.547473508864641e-13,0.0
470.0,198.29111171061413,1801.7088882893859,True,True,0.0,-9.322320693172514e-11,0.0
475.0,198.2721292535157,1801.7278707464843,True,True,0.0,3.5151970223523676e-10,0.0
480.0,198.2529327569398,1801.7470672430602,True,True,0.0,9.094947017729282e-13,0.0
485.0,198.2335275797302,1801.7664724202698,True,True,0.0,9.526957001071423e-11,0.0
490.0,198.21391889059373,1801.7860811094063,True,True,0.0,-4.595449354383163e-09,0.0
495.0,198.192247131861,1801.807752868139,True,True,0.0,0.0,0.0
500.0,198.17224607294816,1801.8277539270518,True,True,0.0,1.9592789612943307e-09,0.0
505.0,198.15019114174015,1801.8498088582598,True,True,0.0,0.0,0.0
510.0,198.1279513787215,1801.8720486212785,True,True,0.0,7.4451236287131906e-09,0.0
515.0,198.10553112801063,1801.8944688719894,True,True,0.0,2.841261448338628e-09,1.8189894035458565e-12
520.0,198.082934588836,1801.917065411164,True,True,0.0,6.375557859428227e-10,0.0
525.0,198.0601658217547,1801.9398341782453,True,True,0.0,-3.1327545002568513e-09,0.0
530.0,198.03536330584643,1801.9646366941536,True,True,0.0,2.2737367544323206e-13,0.0
535.0,198.01039604547032,1801.9896039545297,True,True,0.0,1.1389147402951494e-09,0.0
540.0,197.98526772397395,1802.014732276026,True,True,0.0,-5.070432962384075e-11,0.0
545.0,197.95998190771184,1802.0400180922882,True,True,0.0,-6.821210263296962e-13,0.0
550.0,197.93267612144064,1802.0673238785594,True,True,0.0,-4.547473508864641e-13,0.0
555.0,197.90521940809822,1802.0947805919018,True,True,0.0,-1.0138592188013718e-09,-1.8189894035458565e-12
560.0,197.87761501508135,1802.1223849849187,True,True,0.0,8.853930921759456e-10,1.8189894035458565e-12
565.0,197.84799981587344,1802.1520001841266,True,True,0.0,-3.001332515850663e-10,-1.8189894035458565e-12
570.0,197.81824291304406,1802.181757086956,True,True,0.0,-1.1368683772161603e-12,-1.8189894035458565e-12
575.0,197.7883472714866,1802.2116527285134,True,True,0.0,-1.318767317570746e-11,0.0
580.0,197.75644916032047,1802.2435508396795,True,True,0.0,-1.5916157281026244e-12,0.0
585.0,197.72441776200776,1802.2755822379922,True,True,0.0,7.289145287359133e-09,0.0
590.0,197.69038896734264,1802.3096110326574,True,True,0.0,-4.19777279603295e-09,0.0
595.0,197.65623202269353,1802.3437679773065,True,True,0.0,-1.1416432244004682e-09,0.0
600.0,197.6200824573998,1802.3799175426002,True,True,0.0,3.865352482534945e-12,0.0
605.0,197.5838095880631,1802.416190411937,True,True,0.0,7.599737728014588e-09,0.0
610.0,197.54554859817517,1802.4544514018248,True,True,0.0,-7.048583938740194e-12,0.0
615.0,197.50716888009333,1802.4928311199067,True,True,0.0,5.3432813729159534e-11,0.0
620.0,197.46493784486938,1802.5350621551306,True,True,0.0,-1.4169927453622222e-09,0.0
625.0,197.42259220833557,1802.5774077916644,True,True,0.0,-5.743459041696042e-10,0.0
630.0,197.37826650784586,1802.6217334921541,True,True,0.0,2.2737367544323206e-13,0.0
635.0,197.33383030417758,1802.6661696958224,True,True,0.0,-7.79891706770286e-11,0.0
640.0,197.28554999803646,1802.7144500019635,True,True,0.0,0.0,0.0
645.0,197.23716287957768,1802.7628371204223,True,True,0.0,1.7962520360015333e-10,0.0
650.0,197.1849348696403,1802.8150651303597,True,True,0.0,-8.174083632184193e-10,0.0
655.0,197.13260354539034,1802.8673964546097,True,True,0.0,-2.1964297047816217e-10,0.0
660.0,197.0764343623082,1802.9235656376918,True,True,0.0,0.0,0.0
665.0,197.01829688700832,1802.9817031129917,True,True,0.0,-1.0354597179684788e-09,0.0
670.0,196.95632423894563,1803.0436757610544,True,True,0.0,3.3319338399451226e-09,0.0
675.0,196.8923860916418,1803.1076139083582,True,True,0.0,-1.7712409317027777e-10,0.0
680.0,196.82648387525978,1803.1735161247402,True,True,0.0,4.274625098332763e-11,0.0
685.0,196.75675033145444,1803.2432496685456,True,True,0.0,9.094947017729282e-13,-1.8189894035458565e-12
690.0,196.6831865572649,1803.316813442735,True,True,0.0,7.207745511550456e-10,0.0
695.0,196.60392479618122,1803.3960752038188,True,True,0.0,-2.455408321111463e-09,0.0
700.0,196.5227036493136,1803.4772963506864,True,True,0.0,5.434230843093246e-11,0.0
705.0,196.43765538935259,1803.5623446106474,True,True,0.0,4.888534022029489e-11,0.0
710.0,196.34504284734362,1803.6549571526564,True,True,0.0,0.0,0.0
715.0,196.24860480328152,1803.7513951967185,True,True,0.0,9.799805411603302e-11,0.0
720.0,196.14647295349323,1803.8535270465068,True,True,0.0,1.1050360626541078e-10,0.0
725.0,196.03864796735616,1803.9613520326438,True,True,0.0,4.547473508864641e-13,-1.8189894035458565e-12
730.0,195.92139169066877,1804.0786083093312,True,True,0.0,5.279616743791848e-10,-1.8189894035458565e-12
735.0,195.79844324087844,1804.2015567591216,True,True,0.0,-9.094947017729282e-13,0.0
740.0,195.66606411453813,1804.3339358854619,True,True,0.0,-5.25301402376499e-09,0.0
745.0,195.5242544429459,1804.475745557054,True,True,0.0,-6.959908205317333e-10,-1.8189894035458565e-12
750.0,195.37114463258013,1804.6288553674199,True,True,0.0,-2.637534635141492e-11,0.0
755.0,195.20673456755299,1804.793265432447,True,True,0.0,4.995399649487808e-10,0.0
760.0,195.02915425898618,1804.9708457410138,True,True,0.0,4.18367562815547e-09,0.0
765.0,194.60466029537724,1805.3953397046228,True,True,0.0,7.958078640513122e-12,0.0
770.0,193.11415585488066,1806.8858441451193,True,True,0.0,2.0463630789890885e-12,0.0
775.0,192.75861554972857,1807.2413844502714,True,True,0.0,-1.6416379367001355e-10,0.0
780.0,192.36745124405206,1807.632548755948,True,True,0.0,-1.2275449989829212e-08,0.0
785.0,191.93130889984582,1808.0686911001542,True,True,0.0,-1.3665157894138247e-10,0.0
790.0,191.4427033887323,1808.5572966112677,True,True,0.0,-1.8189894035458565e-11,0.0
795.0,190.89601887952563,1809.1039811204744,True,True,0.0,-2.7625901566352695e-10,0.0
800.0,190.28002739746694,1809.719972602533,True,True,0.0,0.0,0.0
805.0,189.5816288336921,1810.418371166308,True,True,0.0,-1.1141310096718371e-11,0.0
810.0,188.78772122380337,1811.2122787761966,True,True,0.0,-4.547473508864641e-13,0.0
815.0,187.88145945716678,1812.1185405428332,True,True,0.0,0.0,0.0
820.0,186.8441253592357,1813.1558746407643,True,True,0.0,-1.320813680649735e-09,0.0
825.0,185.6495149941195,1814.3504850058805,True,True,0.0,-3.440163709456101e-10,0.0
830.0,184.27516257535103,1815.724837424649,True,True,0.0,-1.6370904631912708e-11,0.0
835.0,182.6929865287159,1817.307013471284,True,True,0.0,2.1575715436483733e-08,0.0
840.0,180.87303055710709,1819.126969442893,True,True,0.0,-2.5238705347874202e-08,0.0
845.0,178.78720551962124,1821.2127944803788,True,True,0.0,1.1004885891452432e-10,0.0
850.0,176.40741870084435,1823.5925812991557,True,True,0.0,5.5706550483591855e-11,0.0
855.0,173.71492987354486,1826.2850701264551,True,True,0.0,-2.0691004465334117e-10,0.0
860.0,170.69661045073804,1829.303389549262,True,True,0.0,2.2737367544323206e-13,0.0
865.0,167.3468158127805,1832.6531841872195,True,True,0.0,5.229594535194337e-12,1.8189894035458565e-12
870.0,163.6673866015176,1836.3326133984824,True,True,0.0,-1.0550138540565968e-09,0.0
875.0,159.67513580018908,1840.324864199811,True,True,0.0,3.7061909097246826e-11,0.0
880.0,155.38313605618077,1844.6168639438192,True,True,0.0,2.6347152015659958e-08,0.0
885.0,150.81194847887036,1849.1880515211296,True,True,0.0,3.374225343577564e-10,0.0
890.0,145.98588055011828,1854.0141194498817,True,True,0.0,5.850324669154361e-10,0.0
895.0,140.92737157341298,1859.072628426587,True,True,0.0,0.0,0.0
900.0,135.65512054230362,1864.3448794576964,True,True,0.0,2.3881739252828993e-08,0.0
905.0,130.1878291222538,1869.8121708777462,True,True,0.0,-1.318767317570746e-11,0.0
910.0,124.54232971908459,1875.4576702809154,True,True,0.0,2.1827872842550278e-11,0.0
915.0,118.73171319246103,1881.268286807539,True,True,0.0,4.4643456931225955e-08,0.0
920.0,112.77094422455639,1887.2290557754436,True,True,0.0,-7.867129170335829e-11,-1.8189894035458565e-12
925.0,106.66750128540048,1893.3324987145995,True,True,0.0,2.5011104298755527e-12,0.0
930.0,100.43073601887818,1899.5692639811218,True,True,0.0,0.0,0.0
935.0,94.0662569882711,1905.933743011729,True,True,0.0,7.398739398922771e-10,-1.8189894035458565e-12
940.0,87.58154577644996,1912.41845422355,True,True,0.0,-6.821210263296962e-13,1.8189894035458565e-12
945.0,80.97846810109195,1919.021531898908,True,True,0.0,3.825334715656936e-09,-1.8189894035458565e-12
950.0,74.25888998554456,1925.7411100144554,True,True,0.0,2.4111159291351214e-08,0.0
955.0,67.42842255612095,1932.571577443879,True,True,0.0,-1.1368683772161603e-11,-1.8189894035458565e-12
960.0,60.48331539428432,1939.5166846057157,True,True,0.0,2.921979103120975e-09,0.0
965.0,53.42169021512473,1946.5783097848753,True,True,0.0,1.8305854609934613e-09,0.0
970.0,46.24541371582336,1953.7545862841766,True,True,0.0,0.0,0.0
975.0,38.946989770375694,1961.0530102296243,True,True,0.0,8.185452315956354e-12,0.0
980.0,31.51892145018428,1968.4810785498157,True,True,0.0,5.866240826435387e-11,0.0
985.0,23.94996557749687,1976.0500344225031,True,True,0.0,2.355432116019074e-08,1.8189894035458565e-12
990.0,16.22138663676037,1983.7786133632396,True,True,0.0,5.71094460610766e-09,9.094947017729282e-13
995.0,10.0,1990.0,True,True,0.0,4.547473508864641e-13,9.094947017729282e-13
1000.0,,,False,False,,,
